design	catalog	target_yr	family	n	median	mean	sd	rel_sd_pct	p16	p84	p2p5	p97p5	n_infeasible
bracewell4	hab2hi	5.5	flat	100	318.3	311.4	161.3	51.8	162.5	435.9	0.0	642.9	6
bracewell4	hab2hi	5.5	long_weighted	100	586.8	571.8	272.4	47.6	301.2	800.7	0.0	1127.5	6
bracewell4	hab2hi	5.5	short_weighted	100	700.3	691.4	345.5	50.0	371.7	1006.8	0.0	1430.2	6
bracewell4	hab2hi	5.75	flat	50	602.3	605.0	151.3	25.0	462.9	752.1	352.0	908.5	0
bracewell4	hab2hi	5.75	long_weighted	50	1086.6	1089.1	267.4	24.6	813.9	1382.5	573.5	1544.3	0
bracewell4	hab2hi	5.75	short_weighted	50	1426.9	1392.6	402.8	28.9	873.2	1777.5	693.6	2176.6	0
bracewell4	hab2hi	6.0	flat	300	920.9	921.3	194.4	21.1	732.7	1106.6	570.0	1338.0	0
bracewell4	hab2hi	6.0	long_weighted	300	1702.2	1687.3	325.0	19.3	1380.7	1989.8	1080.1	2395.3	0
bracewell4	hab2hi	6.0	short_weighted	300	2160.8	2168.9	474.9	21.9	1684.1	2618.7	1236.9	3137.2	0
bracewell4	hab2hi	6.25	flat	50	1206.1	1191.5	200.5	16.8	982.6	1409.2	813.3	1543.3	0
bracewell4	hab2hi	6.25	long_weighted	50	2130.3	2158.1	347.4	16.1	1843.6	2549.3	1503.8	2807.0	0
bracewell4	hab2hi	6.25	short_weighted	50	2871.5	2884.4	511.9	17.7	2324.6	3304.5	2049.7	3906.3	0
bracewell4	hab2lo	7.5	flat	100	368.7	387.7	160.7	41.5	235.8	561.4	135.1	669.3	1
bracewell4	hab2lo	7.5	long_weighted	100	718.0	737.3	288.8	39.2	434.6	1047.6	249.8	1280.5	1
bracewell4	hab2lo	7.5	short_weighted	100	817.2	825.8	325.4	39.4	510.5	1169.7	322.3	1421.6	1
bracewell4	hab2lo	7.75	flat	50	580.8	582.7	163.5	28.1	414.7	738.1	354.2	885.8	0
bracewell4	hab2lo	7.75	long_weighted	50	1052.7	1112.7	306.5	27.5	861.4	1414.1	629.5	1727.3	0
bracewell4	hab2lo	7.75	short_weighted	50	1295.1	1259.7	375.8	29.8	900.9	1564.8	623.5	1995.2	0
bracewell4	hab2lo	8.0	flat	300	772.7	788.3	170.9	21.7	622.0	955.6	523.0	1176.4	0
bracewell4	hab2lo	8.0	long_weighted	300	1483.0	1503.4	299.6	19.9	1204.6	1806.6	1031.6	2178.9	0
bracewell4	hab2lo	8.0	short_weighted	300	1721.4	1742.5	373.6	21.4	1353.4	2103.8	1102.7	2528.9	0
bracewell4	hab2lo	8.25	flat	50	923.7	957.8	178.2	18.6	783.4	1128.2	674.1	1295.9	0
bracewell4	hab2lo	8.25	long_weighted	50	1737.7	1833.6	345.5	18.8	1510.0	2195.9	1342.1	2463.6	0
bracewell4	hab2lo	8.25	short_weighted	50	2179.5	2189.6	442.4	20.2	1735.5	2554.9	1512.0	3144.7	0
collinear4	hab2hi	3.5	flat	50	119.0	132.2	110.6	83.7	0.0	254.1	0.0	360.0	13
collinear4	hab2hi	3.5	long_weighted	50	290.9	323.5	267.6	82.7	0.0	557.5	0.0	866.5	13
collinear4	hab2hi	3.5	short_weighted	50	248.2	250.2	214.6	85.8	0.0	474.6	0.0	695.1	13
collinear4	hab2hi	4.0	flat	50	818.5	815.9	170.8	20.9	655.9	996.7	523.2	1121.6	0
collinear4	hab2hi	4.0	long_weighted	50	1733.4	1724.6	319.1	18.5	1346.2	2056.4	1179.1	2211.6	0
collinear4	hab2hi	4.0	short_weighted	50	1597.8	1662.3	415.4	25.0	1221.6	2110.4	978.9	2385.8	0
collinear4	hab2lo	5.0	flat	50	249.5	246.0	81.7	33.2	157.2	327.9	111.3	416.7	0
collinear4	hab2lo	5.0	long_weighted	50	645.9	651.0	206.3	31.7	452.0	869.5	340.6	1132.5	0
collinear4	hab2lo	5.0	short_weighted	50	430.3	423.3	164.3	38.8	221.5	591.1	158.4	726.6	0
collinear4	hab2lo	5.5	flat	50	637.0	646.4	129.4	20.0	522.2	817.8	440.8	863.5	0
collinear4	hab2lo	5.5	long_weighted	50	1575.6	1573.9	275.7	17.5	1355.8	1841.6	1105.0	2066.4	0
collinear4	hab2lo	5.5	short_weighted	50	1177.6	1202.1	268.3	22.3	915.9	1476.2	855.6	1773.9	0
kernel5_deep	hab2hi	5.5	flat	50	103.8	122.9	65.3	53.1	65.2	191.4	0.0	239.8	3
kernel5_deep	hab2hi	5.5	long_weighted	50	322.0	329.5	170.3	51.7	141.0	502.9	5.4	658.3	2
kernel5_deep	hab2hi	5.5	short_weighted	50	207.8	204.2	114.1	55.9	99.1	324.6	0.0	427.0	3
kernel5_deep	hab2hi	6.0	flat	50	437.0	433.6	90.5	20.9	350.7	503.7	230.2	580.5	0
kernel5_deep	hab2hi	6.0	long_weighted	50	1074.5	1078.8	226.2	21.0	916.4	1313.8	627.4	1431.7	0
kernel5_deep	hab2hi	6.0	short_weighted	50	771.2	763.9	181.6	23.8	624.1	889.4	362.8	1073.7	0
kernel5_deep	hab2lo	8.0	flat	50	213.6	217.3	72.9	33.5	147.8	282.6	94.9	366.2	0
kernel5_deep	hab2lo	8.0	long_weighted	50	588.7	612.2	215.8	35.3	421.5	824.8	241.1	1043.2	0
kernel5_deep	hab2lo	8.0	short_weighted	50	328.9	348.1	129.8	37.3	201.5	492.3	142.4	607.9	0
kernel5_deep	hab2lo	8.5	flat	50	397.3	404.7	96.0	23.7	316.6	486.8	244.3	615.8	0
kernel5_deep	hab2lo	8.5	long_weighted	50	1055.9	1089.6	211.5	19.4	860.6	1335.3	698.9	1432.8	0
kernel5_deep	hab2lo	8.5	short_weighted	50	663.7	692.4	162.6	23.5	525.3	813.6	433.6	1013.6	0
triple6	hab2hi	4.0	flat	100	432.9	421.6	101.2	24.0	311.8	514.5	211.5	608.3	0
triple6	hab2hi	4.0	long_weighted	100	1042.5	1076.7	239.2	22.2	879.8	1301.8	628.3	1600.9	0
triple6	hab2hi	4.0	short_weighted	100	741.9	731.5	193.4	26.4	540.5	906.2	367.6	1065.9	0
triple6	hab2hi	4.25	flat	50	694.8	687.1	103.2	15.0	579.0	793.7	492.0	869.3	0
triple6	hab2hi	4.25	long_weighted	50	1695.1	1710.7	272.3	15.9	1481.2	1953.6	1137.0	2273.7	0
triple6	hab2hi	4.25	short_weighted	50	1230.2	1235.2	205.3	16.6	1028.9	1414.5	830.6	1615.3	0
triple6	hab2hi	4.5	flat	300	983.5	992.5	145.3	14.6	854.0	1147.1	720.0	1277.3	0
triple6	hab2hi	4.5	long_weighted	300	2317.6	2339.0	310.1	13.3	2040.3	2647.3	1733.4	2974.4	0
triple6	hab2hi	4.5	short_weighted	300	1877.2	1889.2	307.3	16.3	1594.0	2188.8	1335.6	2528.7	0
triple6	hab2hi	4.75	flat	50	1305.9	1285.8	131.7	10.2	1145.9	1405.0	998.0	1526.2	0
triple6	hab2hi	4.75	long_weighted	50	2999.1	2946.2	306.1	10.4	2630.8	3195.7	2392.8	3604.4	0
triple6	hab2hi	4.75	short_weighted	50	2490.1	2463.2	276.3	11.2	2189.5	2747.2	1891.4	2945.8	0
triple6	hab2lo	5.25	flat	50	216.3	207.2	78.8	38.0	114.6	292.7	61.9	340.5	0
triple6	hab2lo	5.25	long_weighted	50	625.8	615.8	219.0	35.6	385.8	840.0	191.4	1033.1	0
triple6	hab2lo	5.25	short_weighted	50	328.1	334.3	141.4	42.3	185.7	491.7	101.2	597.7	0
triple6	hab2lo	5.5	flat	100	346.4	357.4	85.2	23.9	290.7	435.4	199.7	526.3	0
triple6	hab2lo	5.5	long_weighted	100	985.7	979.9	223.3	22.8	801.1	1180.1	547.1	1430.5	0
triple6	hab2lo	5.5	short_weighted	100	581.1	599.0	163.0	27.2	465.0	762.8	301.7	896.4	0
triple6	hab2lo	5.75	flat	50	530.6	525.3	94.7	18.0	443.4	628.5	346.4	684.2	0
triple6	hab2lo	5.75	long_weighted	50	1368.4	1366.3	249.0	18.2	1065.5	1602.9	977.4	1835.2	0
triple6	hab2lo	5.75	short_weighted	50	886.2	888.8	188.4	21.2	707.0	1068.6	528.7	1229.2	0
triple6	hab2lo	6.0	flat	300	707.1	712.8	108.1	15.2	609.9	818.7	517.1	949.3	0
triple6	hab2lo	6.0	long_weighted	300	1816.1	1820.7	260.5	14.3	1574.1	2079.6	1320.4	2301.8	0
triple6	hab2lo	6.0	short_weighted	300	1252.6	1271.1	206.1	16.2	1067.9	1463.3	897.2	1708.0	0
triple6	hab2lo	6.25	flat	50	895.3	885.7	119.0	13.4	776.1	1007.7	674.8	1101.9	0
triple6	hab2lo	6.25	long_weighted	50	2180.8	2201.0	300.4	13.6	1865.1	2544.2	1723.1	2684.5	0
triple6	hab2lo	6.25	short_weighted	50	1619.7	1616.5	223.7	13.8	1363.8	1855.6	1269.9	2037.6	0
